{
  "loss": 0.005061458796262741,
  "val_loss": 0.0030485985334962606,
  "epoch": 11,
  "global_step": 9264
}