{
  "loss": 0.01101378072053194,
  "val_loss": 0.005244606640189886,
  "epoch": 8,
  "global_step": 6939
}