{
  "loss": 0.009318621829152107,
  "val_loss": 0.011491222307085991,
  "epoch": 17,
  "global_step": 12528
}