{
  "loss": 0.010239610448479652,
  "val_loss": 0.010632130317389965,
  "epoch": 11,
  "global_step": 7920
}