{
  "loss": 0.008775959722697735,
  "val_loss": 0.011333255097270012,
  "epoch": 12,
  "global_step": 10634
}