{
  "loss": 0.011235252022743225,
  "val_loss": 0.0049631609581410885,
  "epoch": 7,
  "global_step": 6168
}