{
  "loss": 0.008259168826043606,
  "val_loss": 0.006279724184423685,
  "epoch": 5,
  "global_step": 4632
}