{
  "loss": 0.01032994780689478,
  "val_loss": 0.009317826479673386,
  "epoch": 14,
  "global_step": 7095
}