{
  "loss": 0.009732344187796116,
  "val_loss": 0.010412250645458698,
  "epoch": 14,
  "global_step": 9900
}