{
  "loss": 0.009335193783044815,
  "val_loss": 0.011313851922750473,
  "epoch": 21,
  "global_step": 15312
}