{
  "loss": 0.004784248303622007,
  "val_loss": 0.002987903542816639,
  "epoch": 16,
  "global_step": 13124
}