{
  "loss": 0.005025706719607115,
  "val_loss": 0.003240081714466214,
  "epoch": 10,
  "global_step": 8492
}