{
  "loss": 0.00927960779517889,
  "val_loss": 0.010658475570380688,
  "epoch": 22,
  "global_step": 15180
}