{
  "loss": 0.009773052297532558,
  "val_loss": 0.010900408029556274,
  "epoch": 10,
  "global_step": 7656
}