{
  "loss": 0.005018071737140417,
  "val_loss": 0.0029944966081529856,
  "epoch": 10,
  "global_step": 8492
}