{
  "loss": 0.010271071456372738,
  "val_loss": 0.009628497995436192,
  "epoch": 13,
  "global_step": 6650
}