{
  "loss": 0.004874448757618666,
  "val_loss": 0.003245255909860134,
  "epoch": 12,
  "global_step": 10036
}