{
  "loss": 0.009987414814531803,
  "val_loss": 0.009774520061910152,
  "epoch": 23,
  "global_step": 11448
}