{
  "loss": 0.008903986774384975,
  "val_loss": 0.011337274685502052,
  "epoch": 14,
  "global_step": 12270
}