{
  "loss": 0.010431813076138496,
  "val_loss": 0.0053010378032922745,
  "epoch": 7,
  "global_step": 6544
}