{
  "loss": 0.00920439139008522,
  "val_loss": 0.010705865919589996,
  "epoch": 25,
  "global_step": 18096
}