{
  "loss": 0.009664869867265224,
  "val_loss": 0.011066313832998276,
  "epoch": 15,
  "global_step": 10560
}