{
  "loss": 0.013392571359872818,
  "val_loss": 0.014851592481136322,
  "epoch": 9,
  "global_step": 6960
}