{
  "loss": 0.004826161544770002,
  "val_loss": 0.002751268446445465,
  "epoch": 11,
  "global_step": 9264
}