{
  "loss": 0.009196765720844269,
  "val_loss": 0.011195349507033825,
  "epoch": 9,
  "global_step": 8180
}