{
  "loss": 0.009243211708962917,
  "val_loss": 0.01138845831155777,
  "epoch": 21,
  "global_step": 15312
}