{
  "loss": 0.005039863754063845,
  "val_loss": 0.0028467304073274136,
  "epoch": 8,
  "global_step": 6948
}