{
  "loss": 0.009949618019163609,
  "val_loss": 0.009370984509587288,
  "epoch": 15,
  "global_step": 7568
}