{
  "loss": 0.004660146310925484,
  "val_loss": 0.003011394292116165,
  "epoch": 14,
  "global_step": 11580
}