{
  "loss": 0.004498629830777645,
  "val_loss": 0.002844548551365733,
  "epoch": 26,
  "global_step": 20844
}