{
  "loss": 0.009081760421395302,
  "val_loss": 0.010927699506282806,
  "epoch": 18,
  "global_step": 13224
}