{
  "loss": 0.004801116418093443,
  "val_loss": 0.0029496513307094574,
  "epoch": 15,
  "global_step": 12352
}