{
  "loss": 0.004915406461805105,
  "val_loss": 0.003118231426924467,
  "epoch": 11,
  "global_step": 9264
}