{
  "loss": 0.005112519022077322,
  "val_loss": 0.0028265968430787325,
  "epoch": 10,
  "global_step": 8492
}