{
  "loss": 0.01068384200334549,
  "val_loss": 0.00996753666549921,
  "epoch": 9,
  "global_step": 5460
}