{
  "loss": 0.004726378247141838,
  "val_loss": 0.0028577428311109543,
  "epoch": 15,
  "global_step": 12352
}