{
  "loss": 0.004841204266995192,
  "val_loss": 0.00275421398691833,
  "epoch": 16,
  "global_step": 13124
}