{
  "loss": 0.0054720123298466206,
  "val_loss": 0.0031915451399981976,
  "epoch": 7,
  "global_step": 6176
}